{
  "schema_version": "rect_marker_prior.v1",
  "created_at": "20260622_100252",
  "source_image": "color_undistorted.png",
  "camera": {
    "image_width": 848,
    "image_height": 530,
    "fx": 408.9830322265625,
    "fy": 408.8480529785156,
    "cx": 419.8207702636719,
    "cy": 265.9886169433594,
    "distortion": [
      -1.183142900466919,
      0.8150869011878967,
      2.7554497137316503e-05,
      -0.0002479918475728482,
      -0.22013795375823975,
      -1.1651548147201538,
      0.7908633947372437,
      -0.21106472611427307
    ],
    "distortion_model": "opencv_rational",
    "coordinate_space": "undistorted_pixel"
  },
  "markers": [
    {
      "marker_id": "marker_1",
      "corners_px": [
        [
          380.0,
          357.0
        ],
        [
          449.0,
          368.0
        ],
        [
          447.0,
          390.0
        ],
        [
          377.0,
          379.0
        ]
      ],
      "corner_order": "top_left,top_right,bottom_right,bottom_left",
      "rgb_prior": [
        254,
        66,
        28
      ],
      "rgb_median": [
        254,
        66,
        28
      ],
      "rgb_mad": [
        1.0,
        2.0,
        3.0
      ],
      "expected_area_px": 1556.5,
      "expected_angle_deg": 9.058,
      "expected_aspect_ratio": 3.177164,
      "max_center_shift_px": 12.0,
      "max_angle_delta_deg": 12.0,
      "min_area_ratio": 0.55,
      "max_area_ratio": 1.65,
      "roi_expand_px": 20,
      "roi_expand_ratio": 0.25,
      "color_sample_shrink_ratio": 0.72
    }
  ]
}